{"cameraMode":{"drawMode":0,"name":"Shaded","section":"Shading Mode"},"sceneLighting":true,"audioPlay":false,"sceneViewState":{"m_AlwaysRefresh":false,"showFog":true,"showSkybox":true,"showFlares":true,"showImageEffects":true,"showParticleSystems":true,"showVisualEffectGraphs":true,"m_FxEnabled":true},"in2DMode":false,"pivot":{"x":-1.248000144958496,"y":0.5100002288818359,"z":1.5950002670288087},"rotation":{"x":-0.06714817881584168,"y":0.9317151308059692,"z":-0.22742332518100739,"w":-0.27509477734565737},"size":1.0521477460861207,"orthographic":false}